rank,subscribers,Title,category,video views,highest_yearly_earnings,Country
1,245000000,T-Series,Music,228000000000.0,108400000.0,India
3,166000000,MrBeast,Entertainment,28368841870.0,64700000.0,United States of America
4,162000000,Cocomelon - Nursery Rhymes,Education,164000000000.0,94800000.0,United States of America
5,159000000,SET India,Shows,148000000000.0,87500000.0,India
7,112000000,ýýý Kids Diana Show,People & Blogs,93247040539.0,35100000.0,United States of America
8,111000000,PewDiePie,Gaming,29058044447.0,1900000.0,Japan
9,106000000,Like Nastya Vlog,People & Blogs,90479060027.0,2300000.0,Russia
10,98900000,Vlad and Niki,Entertainment,77180169894.0,27900000.0,United States of America
11,96700000,Zee Music Company,Music,57856289381.0,38600000.0,India
12,96000000,WWE,Sports,77428473662.0,34300000.0,United States of America
14,89800000,BLACKPINK,People & Blogs,32144597566.0,23900000.0,South Korea
16,83000000,Sony SAB,Shows,101000000000.0,79600000.0,India
17,80100000,5-Minute Crafts 2.0,Howto & Style,26236790209.0,0.05,United Kingdom
18,75600000,BANGTANTV,Music,20826993957.0,8100000.0,South Korea
20,71600000,Justin Bieber,Music,30608119724.0,8500000.0,Canada
21,71300000,HYBE LABELS,Music,28634566938.0,28700000.0,South Korea
22,70500000,Zee TV,Entertainment,73139054467.0,81900000.0,India
23,68200000,Pinkfong Baby Shark - Kids' Songs & Stories,Education,38843229963.0,22700000.0,United States of America
25,65900000,ChuChu TV Nursery Rhymes & Kids Songs,Education,45757850229.0,20200000.0,India
26,65600000,Shemaroo Filmi Gaane,Music,28648024439.0,12200000.0,India
27,64600000,Colors TV,Shows,61510906457.0,57000000.0,India
28,61000000,T- SERIES BHAKTI SAGAR,Music,29533230328.0,0.48,India
29,59500000,Dude Perfect,Sports,16241549158.0,6800000.0,United States of America
30,59500000,Movieclips,Film & Animation,59316472754.0,5500000.0,United States of America
31,59300000,Tips Official,Music,33431802698.0,20300000.0,India
32,58400000,El Reino Infantil,Music,57271630846.0,29400000.0,Argentina
33,58000000,Wave Music,Music,40602020243.0,11100000.0,India
34,57600000,Aaj Tak,News & Politics,25307753534.0,22100000.0,India
35,57200000,Sony Music India,Music,28837144516.0,12400000.0,India
36,56900000,EminemMusic,Music,27073872856.0,12500000.0,United States of America
37,56400000,Marshmello,Entertainment,14696003229.0,5400000.0,United States of America
38,54600000,YRF,Film & Animation,35302243691.0,24600000.0,India
40,53500000,Ed Sheeran,Music,30367676736.0,9700000.0,United Kingdom
41,53300000,Infobells - Hindi,Education,30516172739.0,39200000.0,India
42,52900000,Taylor Swift,Music,29884657286.0,25400000.0,United States of America
43,52700000,Ariana Grande,Music,24004842608.0,7700000.0,United States of America
44,52200000,BillionSurpriseToys  - Nursery Rhymes & Cartï,Education,9877365274.0,12800000.0,United States of America
45,48100000,JuegaGerman,Gaming,14631710289.0,3200000.0,Chile
46,47900000,Billie Eilish,Music,13626331061.0,7000000.0,United States of America
47,47500000,Get Movies,Entertainment,30788679536.0,14700000.0,Russia
48,47400000,Shemaroo,Entertainment,22519705183.0,11200000.0,India
50,46600000,SonyMusicIndiaVEVO,Music,27286058807.0,15100000.0,United States of America
51,46300000,aefour,Gaming,22936630813.0,5.0,Cuba
53,46100000,Fernanfloo,Gaming,10323391593.0,1600000.0,El Salvador
54,45500000,Voot Kids,Entertainment,21388725229.0,11200000.0,India
55,45200000,Felipe Neto,Entertainment,16602198273.0,6300000.0,Brazil
56,44700000,Vocïïï,Entertainment,7828610828.0,2300000.0,Brazil
57,44600000,HAR PAL GEO,Entertainment,41139050371.0,64200000.0,Pakistan
59,44200000,Katy Perry,Music,25458952022.0,6400000.0,United States of America
60,44200000,whinderssonnunes,Comedy,4274709210.0,1300000.0,Brazil
61,44200000,ABS-CBN Entertainment,People & Blogs,50292540392.0,8500000.0,Philippines
62,43700000,alanwalker,Music,12884264778.0,1.0,Thailand
64,43500000,Shakira,People & Blogs,27568757295.0,17000000.0,Colombia
65,43200000,ýýýýýýýý ýý ýýýýýýýýýýýýýý,Film & Animation,36458726976.0,14600000.0,Russia
66,43200000,ARY Digital HD,Entertainment,37939780685.0,55200000.0,Pakistan
67,42500000,Speed Records,Music,26820902622.0,7700000.0,India
68,42400000,Masha and The Bear,Shows,24519022988.0,32200000.0,United States of America
69,42400000,Like Nastya Show,Entertainment,19547696190.0,2600000.0,United States of America
70,41900000,Rihanna,Entertainment,22477745835.0,8800000.0,Barbados
71,41400000,Ishtar Music,Trailers,17608931161.0,8700000.0,India
72,41300000,Kimberly Loaiza,People & Blogs,5603111948.0,6600000.0,Mexico
73,40900000,Little Baby Bum - Nursery Rhymes & Kids Songs,Education,39450824833.0,4700000.0,United States of America
77,39700000,shfa2 - ïï,People & Blogs,23884824160.0,11900000.0,United Arab Emirates
79,39200000,CarryMinati,Comedy,3294013141.0,3800000.0,India
80,39200000,XXXTENTACION,Music,10507474316.0,2800000.0,United States of America
81,39200000,Super Simple Songs - Kids Songs,Education,44900897958.0,26900000.0,Canada
82,39100000,Mikecrack,Gaming,16118181673.0,12700000.0,Spain
83,39000000,WorkpointOfficial,Entertainment,36131228583.0,6300000.0,Thailand
84,38900000,GR6 EXPLODE,Music,25154232306.0,78500000.0,Brazil
85,38600000,TEDx Talks,Nonprofits & Activism,7339333120.0,2200000.0,United States of America
86,38400000,ýýýýýýýýýý ýýýýýý,People & Blogs,21528116909.0,76300.0,Saudi Arabia
87,38300000,Goldmines Gaane Sune Ansune,Music,16718192386.0,39100000.0,India
88,38200000,21 Savage,Music,13598903820.0,305.0,United States of America
89,38200000,TheEllenShow,Entertainment,22756581750.0,1000000.0,United States of America
90,38200000,Sony PAL,Shows,28519339489.0,20000000.0,India
91,38000000,Daddy Yankee,Music,22731415608.0,9900000.0,United States of America
93,37600000,Like Nastya ESP,Entertainment,18208196857.0,15400000.0,United States of America
94,37500000,ýýýýýýýýýýýý one31,Entertainment,27262462114.0,6800000.0,Thailand
95,37200000,Jkk Entertainment,Comedy,16402066717.0,2400000.0,India
96,37000000,ABP NEWS,People & Blogs,13102611515.0,12800000.0,India
97,37000000,Maria Clara & JP,People & Blogs,24188861917.0,12100000.0,Brazil
98,36700000,Bruno Mars,Music,19378155425.0,8400000.0,United States of America
99,36600000,Maroon 5,Music,22553923546.0,7300000.0,United States of America
102,36300000,YouTube,News & Politics,3010784935.0,1000000.0,United States of America
106,35700000,La Granja de Zenï,Music,27118354077.0,14500000.0,Argentina
107,35500000,Saregama Music,Entertainment,15657673422.0,25600000.0,India
108,35500000,IndiaTV,News & Politics,16105023749.0,14000000.0,India
109,35400000,T-Series Bollywood Classics,Music,22637783517.0,15900000.0,India
111,35200000,Markiplier,Gaming,20297931219.0,6100000.0,United States of America
112,35200000,Ryan's World,Entertainment,55299840198.0,11500000.0,United States of America
113,34900000,Genevieve's Playhouse - Learning Videos for ï,Education,25607397308.0,16100000.0,United States of America
116,34300000,Geet MP3,Music,12746535822.0,4900000.0,India
117,34100000,J Balvin,Music,23005313609.0,6200000.0,Colombia
118,34000000,Jess No Limit,Entertainment,3963007415.0,26300000.0,Indonesia
119,34000000,Jingle Toons,Film & Animation,11351015824.0,8600000.0,India
120,33800000,VEGETTA777,Gaming,15432929204.0,1900000.0,Spain
121,33800000,Galinha Pintadinha,Film & Animation,27274550757.0,19400000.0,Brazil
122,33700000,SSSniperWolf,Gaming,23492684419.0,10100000.0,United States of America
124,33600000,Selena Gomez,Film & Animation,13013567335.0,5600000.0,United States of America
125,33500000,Rajshri,Music,14864294792.0,13100000.0,India
127,33500000,KHANDESHI MOVIES,Comedy,11405809704.0,1200000.0,India
128,33400000,NoCopyrightSounds,Music,10530729078.0,2700000.0,United Kingdom
129,33400000,CVS 3D Rhymes & Kids Songs,Education,20269857567.0,6500000.0,India
130,33300000,Ricis Official,People & Blogs,5994136760.0,7500000.0,Indonesia
131,32800000,BabyBus - Kids Songs and Cartoons,Education,26355088167.0,6100000.0,United States of America
132,32700000,Mzaalo,Entertainment,17853798780.0,972600.0,India
134,32700000,DisneyMusicVEVO,Music,28516250629.0,15800000.0,United States of America
135,32600000,The Weeknd,Music,23379969006.0,17900000.0,Canada
137,32100000,KAROL G,Music,18699145555.0,22400000.0,Colombia
138,32100000,Mr Bean,Shows,10602236110.0,2700000.0,United Kingdom
139,32100000,rezendeevil,Gaming,13061739758.0,2100000.0,Brazil
140,32000000,StarPlus,Entertainment,26800674545.0,80000000.0,India
142,31900000,GMA  Network,Entertainment,19428308461.0,38300000.0,Philippines
143,31800000,GENIAL,Howto & Style,6762424690.0,1500000.0,Mexico
144,31700000,MR. INDIAN HACKER,Science & Technology,5711208484.0,5200000.0,India
145,31700000,Worldwide Records Bhojpuri,Music,16476978876.0,5400000.0,India
146,31700000,DONA ïï,Entertainment,21031745531.0,7400000.0,United States of America
147,31700000,Dream,Gaming,2930015381.0,1300000.0,United States of America
148,31600000,Lucas and Marcus,Entertainment,11615848291.0,15000000.0,United States of America
149,31600000,JustinBieberVEVO,Music,26583873105.0,5000000.0,United States of America
151,31400000,Peppa Pig - Official Channel,Film & Animation,22919271731.0,11800000.0,United Kingdom
152,31200000,YOLO AVENTURAS,People & Blogs,9673649438.0,172.0,Venezuela
154,31200000,TheDonato,Entertainment,6187804950.0,9200000.0,Argentina
155,30700000,ImagineDragons,Music,16793072362.0,9100000.0,United States of America
157,30700000,Round2hell,Comedy,3145161634.0,1500000.0,India
158,30500000,Zee News,News & Politics,16709857823.0,22200000.0,India
159,30500000,AboFlah,Gaming,4521573939.0,7600000.0,Kuwait
160,30400000,AH,Entertainment,4332274962.0,1000000.0,Indonesia
161,30400000,Trap Nation,Music,14037426379.0,2200000.0,United States of America
163,30300000,Boram Tube Vlog [ïïïïïïïïï,Entertainment,13546549817.0,1100000.0,United States of America
164,30200000,Adele,Music,14199108016.0,6600000.0,United Kingdom
166,30200000,ýýýýýýýý ýýýýýýýý ýýýýýýýýýý | toyoraljanahtv,Entertainment,27684955537.0,5600000.0,Jordan
168,30100000,Spinnin' Records,Music,19607009165.0,4800000.0,Netherlands
169,30100000,Little Angel: Nursery Rhymes & Kids Songs,Education,22593193994.0,5200000.0,United States of America
171,30000000,Shawn Mendes,Music,12831200855.0,4300000.0,Canada
172,29800000,ashish chanchlani vines,Comedy,4457913639.0,1300000.0,India
173,29600000,Ultra Records,Music,17208027242.0,3900000.0,United States of America
175,29300000,MaLuMa,Music,21226945136.0,0.72,Argentina
177,29200000,Enaldinho,Comedy,11627437847.0,14500000.0,Brazil
178,29200000,AuronPlay,Comedy,4079141673.0,582900.0,Spain
180,28900000,infobells - Tamil,Education,17930570614.0,5300000.0,India
182,28400000,The Late Late Show with James Corden,Entertainment,9956764048.0,1300000.0,United States of America
183,28400000,Aditya Movies,Movies,10062770060.0,10900000.0,India
185,28300000,infobells - Telugu,Education,14814192034.0,13800000.0,India
186,28300000,HUM TV,Entertainment,23844936965.0,32900000.0,Pakistan
187,28200000,Shemaroo Movies,Entertainment,7600740993.0,8900000.0,India
188,28200000,Michael Jackson,Music,14412474625.0,7600000.0,United States of America
192,27800000,Bounce Patrol - Kids Songs,Music,21037851468.0,6100000.0,Australia
193,27700000,toycantando,Music,15777682516.0,8300000.0,Colombia
195,27500000,Wiz Khalifa,Music,13379395501.0,4300000.0,United States of America
196,27400000,JYP Entertainment,Music,19883150017.0,14800000.0,South Korea
197,27400000,ýýý Kids Roma Show,People & Blogs,10336420490.0,8400000.0,United States of America
198,27400000,DanTDM,Gaming,19417887510.0,3800000.0,United Kingdom
199,27300000,Nick Jr.,Film & Animation,22440611155.0,2000000.0,United States of America
200,27300000,Crazy XYZ,Entertainment,7705492350.0,4900000.0,India
202,27100000,Dushyant kukreja,Entertainment,17318452893.0,20600000.0,India
204,27000000,Brent Rivera,Comedy,6570935979.0,6900000.0,United States of America
205,26900000,Renato Garcia YT,Entertainment,7938616641.0,4000000.0,Brazil
206,26700000,Beast Reacts,People & Blogs,4388047013.0,13300000.0,United States of America
207,26700000,enchufetv,Comedy,10317306313.0,1200000.0,Colombia
208,26700000,Netflix,Entertainment,7173668905.0,5700000.0,United States of America
209,26500000,Raffy Tulfo in Action,News & Politics,15065753455.0,7800000.0,Philippines
210,26500000,WORLDSTARHIPHOP,Music,20358117330.0,4300000.0,United States of America
211,26400000,Goldmines Bollywood,Film & Animation,8595760553.0,4800000.0,India
212,26400000,Alan Chikin Chow,Comedy,27006526665.0,50200000.0,United States of America
213,26400000,PANDA BOI,Entertainment,17211600007.0,58800000.0,Italy
214,26300000,BB Ki Vines,Entertainment,4749833967.0,828600.0,India
216,26200000,Junya.ïïïï,Entertainment,16097531087.0,34600000.0,Japan
217,26100000,Smosh,Comedy,10435474336.0,3300000.0,United States of America
220,26000000,Beyoncï,Music,17308961985.0,2700000.0,United States of America
222,25900000,Indosiar,Music,11372071889.0,11000000.0,Indonesia
223,25800000,VanossGaming,Gaming,15541421838.0,2600000.0,Canada
224,25700000,David Guetta,Music,17793809548.0,7900000.0,United States of America
225,25700000,LosPolinesios,People & Blogs,7466926260.0,1500000.0,Mexico
226,25700000,Nicki Minaj,Music,10242981063.0,5000000.0,United States of America
228,25600000,TaylorSwiftVEVO,Music,25592378292.0,15300000.0,United States of America
230,25500000,Post Malone,Music,14401218086.0,9400000.0,United States of America
231,25400000,Rans Entertainment,People & Blogs,6430853035.0,2800000.0,Indonesia
232,25400000,LankyBox,Comedy,34300482066.0,39100000.0,United States of America
233,25300000,Coldplay,Music,17331663193.0,9500000.0,United Kingdom
235,25200000,WB Kids,People & Blogs,11081602368.0,6700000.0,United States of America
238,25200000,The Lallantop,News & Politics,10409352249.0,13100000.0,India
239,25100000,RihannaVEVO,Music,19458807708.0,4500000.0,United States of America
240,25100000,WatchMojo.com,Music,16357064198.0,2400000.0,Canada
241,25000000,TRANS7 OFFICIAL,Entertainment,14169516119.0,5900000.0,Indonesia
242,25000000,Anuel AA,Music,14827085149.0,13600000.0,Colombia
243,24800000,Dan Rhodes,Entertainment,17387583720.0,15900000.0,United Kingdom
244,24800000,Yuya,Howto & Style,2588501115.0,16100.0,Mexico
245,24800000,America's Got Talent,Entertainment,3699352704.0,6500000.0,United States of America
247,24700000,EminemVEVO,Music,20531704527.0,6700000.0,United States of America
248,24700000,Chloe Ting,Howto & Style,2994726412.0,1100000.0,Australia
249,24600000,KatyPerryVEVO,Music,23755792542.0,4300000.0,United States of America
250,24600000,Mark Rober,Science & Technology,3647987299.0,4300000.0,United States of America
251,24500000,1theK (ïïïïï,Music,23962070944.0,5100000.0,South Korea
252,24400000,Like Nastya AE,Entertainment,12385924995.0,8200000.0,United States of America
254,24300000,Pen Movies,Film & Animation,6608773195.0,4600000.0,India
255,24200000,MrBeast en Espaïï,Entertainment,2700914170.0,1600000.0,Mexico
258,24100000,Alejo Igoa,Comedy,10999000479.0,19300000.0,Argentina
260,24100000,netd mïï,Music,56106087508.0,20400000.0,Turkey
261,24100000,DJ Snake,Music,8425505919.0,3000000.0,United States of America
263,24100000,KSI,Entertainment,6002166932.0,261100.0,United Kingdom
264,24000000,Spider Slack,Comedy,13943030228.0,36500000.0,Brazil
266,24000000,Preston,Gaming,8279004442.0,7300000.0,United States of America
267,23900000,James Charles,Entertainment,4067878931.0,2800000.0,United States of America
268,23900000,Collins Key,Entertainment,6582932625.0,520900.0,United States of America
269,23900000,Diana and Roma EN,People & Blogs,7213499085.0,8500000.0,United States of America
271,23800000,Troom Troom,Howto & Style,10414479943.0,4700000.0,United States of America
272,23800000,Enrique Iglesias,Music,17688774915.0,5900000.0,United States of America
273,23700000,Ninja,Gaming,2543809954.0,401700.0,United States of America
275,23700000,Mister Max,People & Blogs,15510153803.0,1600000.0,United Kingdom
276,23700000,That Little Puff,Pets & Animals,20289689389.0,36200000.0,United States of America
278,23600000,Juan De Dios Pantoja,Entertainment,2135644776.0,2200000.0,Mexico
279,23600000,Logan Paul,Entertainment,5994002464.0,518600.0,United States of America
280,23600000,Maya and Mary,Entertainment,6766461070.0,2100000.0,United States of America
281,23600000,Peppa Pig Espaïïïïïïïïï,Film & Animation,7920637200.0,2600000.0,United Kingdom
282,23500000,Jelly,Gaming,14777034543.0,2000000.0,United Kingdom
283,23500000,Miss Katy,People & Blogs,14696994366.0,2900000.0,United Kingdom
284,23400000,Tilak,Film & Animation,9465863821.0,17600000.0,India
285,23400000,Valentina Pontes ofc,Film & Animation,7926899136.0,1400000.0,Brazil
286,23300000,Sesame Street,Entertainment,22471357411.0,6000000.0,United States of America
288,23200000,Lady Gaga,People & Blogs,15751661213.0,6900000.0,United States of America
290,23100000,Wave Music Bhojpuri,Music,12889240875.0,2500000.0,India
291,23100000,GMM GRAMMY OFFICIAL,Music,25579831081.0,6300000.0,Thailand
292,23100000,TED,People & Blogs,2551113422.0,635800.0,United States of America
293,23100000,unknown boy varun,Music,9299371231.0,14600000.0,India
294,23100000,Kids TV - Nursery Rhymes And Baby Songs,Shows,13151870846.0,6200000.0,United States of America
295,23000000,Tsuriki Show,Entertainment,31494513067.0,36300000.0,Germany
296,23000000,Technical Guruji,Science & Technology,3378047383.0,1100000.0,India
297,23000000,DrossRotzank,Entertainment,6041264489.0,1700000.0,Argentina
298,23000000,White Hill Music,Entertainment,10939966484.0,4500000.0,India
301,22900000,toyorbabytv,Music,16298342829.0,8100000.0,Jordan
302,22900000,BabyBus - Canciones Infantiles & Videos paraï,Education,13206471140.0,6600000.0,Mexico
304,22700000,Vania Mania Kids,People & Blogs,10115316784.0,7500000.0,United States of America
306,22600000,Sun TV,People & Blogs,20847038152.0,47100000.0,India
307,22600000,Heroindori,Comedy,9223534599.0,19200000.0,India
308,22600000,The Chainsmokers,Music,14231943358.0,3900000.0,United States of America
309,22600000,mmoshaya,People & Blogs,17507060680.0,3500000.0,Saudi Arabia
310,22600000,Sia,Music,13405849040.0,4600000.0,United States of America
311,22600000,LeoNata Family,People & Blogs,27084848152.0,56300000.0,United States of America
312,22500000,Goldmines Cineplex,Film & Animation,2431154438.0,2300000.0,India
314,22500000,SSundee,Gaming,13835173331.0,8400000.0,United States of America
315,22400000,Paulo Londra,Music,8040036209.0,3500000.0,Argentina
316,22300000,SMILE Family,People & Blogs,8663830163.0,35.0,France
317,22300000,FGTeeV,Gaming,24059336857.0,6300000.0,United States of America
318,22200000,Kinder Spielzeug Kanal (Kidibli),Entertainment,11136266461.0,6700000.0,United States of America
319,22000000,Charlie Puth,Music,9924807127.0,5400000.0,United States of America
321,22000000,Sagawa /ïïï,Entertainment,18347969186.0,34100000.0,Japan
322,21900000,Ben Azelart,Film & Animation,4454917643.0,8900000.0,United States of America
323,21900000,Zach Choi ASMR,People & Blogs,5918314128.0,11200000.0,United States of America
324,21900000,Topper Guild,Comedy,15552070846.0,33000000.0,United States of America
325,21900000,disneylatinoamerica,Entertainment,20657571751.0,227.0,Mexico
326,21800000,Stokes Twins,People & Blogs,4469711607.0,9500000.0,United States of America
327,21800000,National Geographic,Science & Technology,5614621131.0,2200000.0,United States of America
328,21800000,Dua Lipa,Music,11288359365.0,6100000.0,United Kingdom
329,21800000,OneDirectionVEVO,Music,12140232004.0,2500000.0,United Kingdom
334,21600000,DUDU e CAROL,Autos & Vehicles,9597894786.0,9300000.0,Brazil
335,21600000,Village Cooking Channel,Howto & Style,5863377051.0,9300000.0,India
336,21600000,Eva Bravo Play,Entertainment,9346383505.0,3100000.0,United States of America
337,21500000,Tekashi 6ix9ine,People & Blogs,5890180734.0,5400000.0,United States of America
338,21500000,tlnovelas,News & Politics,15013096899.0,742.0,Mexico
340,21500000,INVICTOR,Gaming,8409641722.0,2.0,Chile
342,21400000,Sidhu Moose Wala,Music,6264261757.0,7700000.0,India
343,21300000,The Royalty Family,People & Blogs,6269945014.0,7700000.0,United States of America
344,21300000,Becky G,Music,10644857969.0,5000000.0,United States of America
345,21300000,Ishaan Ali 11,People & Blogs,12761253839.0,35000000.0,India
346,21300000,Infinite,Entertainment,5141834668.0,3300000.0,United States of America
347,21300000,Azhan5star,Entertainment,10047736580.0,11300000.0,India
348,21300000,Dangal TV Channel,Entertainment,12895427184.0,26900000.0,India
350,21200000,GMA Public  Affairs,Entertainment,11364908616.0,6800000.0,Philippines
351,21100000,Tasty,Howto & Style,5783557209.0,1200000.0,United States of America
352,21100000,Baim Paula,People & Blogs,4526271677.0,1300000.0,Indonesia
353,21000000,nigahiga,Entertainment,4380564906.0,118900.0,United States of America
354,21000000,Rafa & Luiz,Entertainment,7762905663.0,5700000.0,Brazil
355,21000000,Lyrical Lemonade,Entertainment,10631638628.0,3800000.0,United States of America
357,20900000,Dr. Vivek Bindra: Motivational Speaker,Education,1693149479.0,1400000.0,India
358,20900000,Fatos Desconhecidos,Entertainment,3828000587.0,2500000.0,Brazil
360,20900000,LIV Crime,People & Blogs,11058049885.0,18400000.0,United States of America
362,20900000,RomeoSantos,Music,17324976752.0,5.0,United States of America
363,20800000,Canal Canalha,Comedy,1870608170.0,1100000.0,Brazil
364,20800000,Kurzgesagt ïïïïïï,Education,2378448129.0,1400000.0,Germany
365,20700000,Yoeslan,Entertainment,17963202261.0,42000000.0,United States of America
366,20700000,5-Minute Crafts DIY,Howto & Style,5091618606.0,960600.0,United States of America
368,20700000,tuzelity SHUFFLE,People & Blogs,8658941531.0,26500000.0,Russia
369,20700000,NBA,Sports,12624879732.0,3500000.0,United States of America
370,20600000,deddycorbuzier,Entertainment,4956090094.0,4.0,Indonesia
371,20600000,Bizarrap,Comedy,7657171980.0,9300000.0,Argentina
372,20600000,Avicii,Music,10292874715.0,3900000.0,Sweden
373,20500000,Mnet K-POP,Entertainment,15038593883.0,7600000.0,South Korea
374,20500000,LazarBeam,Gaming,8768697257.0,1300000.0,Australia
375,20500000,Ninja Kidz TV,Entertainment,11009148579.0,9400000.0,United States of America
376,20400000,Totoy kids - Portuguï,Film & Animation,1796227417.0,1900000.0,Brazil
377,20400000,Jake Paul,People & Blogs,7311322368.0,703000.0,United States of America
379,20400000,Vijay Television,Entertainment,29406206620.0,43600000.0,India
380,20400000,SlivkiShow,Entertainment,4707412332.0,1400000.0,Ukraine
381,20400000,Emiway Bantai,Music,3579555124.0,2000000.0,India
382,20300000,Got Talent Global,Entertainment,2441288701.0,4100000.0,United Kingdom
384,20300000,BabyBus - Cerita & Lagu Anak-anak,Education,11819051552.0,5400000.0,Indonesia
385,20200000,Ami Rodriguez,Entertainment,2951914200.0,12700000.0,Colombia
386,20200000,Noor Stars,Comedy,2764127969.0,746700.0,United Arab Emirates
388,20200000,Kiddiestv Hindi - Nursery Rhymes & Kids Songs,Education,7274150246.0,5400000.0,India
389,20200000,dednahype,Comedy,20919403720.0,59800000.0,Latvia
390,20200000,Marta and Rustam,Comedy,19694265358.0,21700000.0,United States of America
391,20200000,MiawAug,Gaming,6098644584.0,3100000.0,Indonesia
392,20100000,CookieSwirlC,Entertainment,23353115850.0,10600000.0,United States of America
393,20100000,Skrillex,Music,6618524158.0,1200000.0,United States of America
394,20100000,AuthenticGames,Gaming,8920141342.0,260200.0,Brazil
396,20100000,Pencilmation,Film & Animation,11317309935.0,713400.0,United States of America
397,20100000,7clouds,Music,14816075927.0,13300000.0,United States of America
398,20100000,5-Minute Crafts PLAY,Howto & Style,6119294270.0,5100000.0,United States of America
399,20100000,MarvelEntertainment,Entertainment,5634695322.0,3.0,United States of America
400,20100000,BuzzFeedVideo,People & Blogs,17913237851.0,437400.0,United States of America
401,20000000,REACT,Entertainment,13154314376.0,1100000.0,United States of America
402,20000000,Vevo,Music,559765455.0,63900.0,United States of America
403,20000000,Gordon Ramsay,Entertainment,3875172235.0,1900000.0,United Kingdom
406,19900000,Gusttavo Lima Oficial,Music,13917423958.0,10300000.0,Brazil
407,19800000,HaerteTest,Science & Technology,3234880084.0,271200.0,Germany
408,19800000,Crafty Panda,People & Blogs,5759442450.0,294600.0,United States of America
409,19800000,TIME NEWS,News & Politics,12293479945.0,779.0,United States of America
410,19700000,JennaMarbles,Comedy,1803249241.0,180900.0,United States of America
413,19700000,Britain's Got Talent,Entertainment,11323617496.0,2600000.0,United Kingdom
414,19700000,SCTV,Entertainment,9808676159.0,16.0,United Kingdom
415,19600000,ASGaming,Gaming,2851024430.0,1.0,United States of America
416,19600000,Sony AATH,Shows,13930021471.0,13200000.0,United States of America
417,19600000,tabii Urdu,Entertainment,8779729549.0,5300000.0,Turkey
418,19600000,DaFuq!?Boom!,Film & Animation,7906181776.0,110600000.0,United States of America
419,19600000,Clash of Clans,Gaming,3961318438.0,1100000.0,United States of America
421,19400000,DLS News,News & Politics,2255542592.0,1500000.0,India
422,19400000,JukiLop,People & Blogs,1577859332.0,114300.0,Mexico
423,19400000,etvteluguindia,Entertainment,23038014291.0,13100000.0,India
424,19400000,FIFA,Sports,5529131886.0,2800000.0,Switzerland
428,19200000,shane,People & Blogs,4329121104.0,131100.0,United States of America
429,19200000,Sonotek,Entertainment,7590582024.0,1400000.0,India
430,19100000,Jimmy Kimmel Live,Entertainment,13124645973.0,827600.0,United States of America
431,19100000,TheOdd1sOut,Comedy,4566120190.0,1500000.0,United States of America
434,19000000,ýýýýýýýýýýýýýý ýýýý,Education,4924054368.0,1000000.0,United States of America
435,19000000,SUPER SLICK SLIME SAM,Howto & Style,7229175322.0,5900000.0,Mexico
436,19000000,Wow Kidz Action,Film & Animation,8281724393.0,5100000.0,India
437,19000000,Turma da Mïï,Film & Animation,13824277846.0,3700000.0,Brazil
438,19000000,Calvin Harris,Music,16014044618.0,4900000.0,United Kingdom
439,19000000,KBS WORLD TV,Entertainment,15126092508.0,5200000.0,South Korea
440,18900000,HiMan,People & Blogs,2855519150.0,1200000.0,Russia
442,18900000,Little Angel Espaïïïïïïïïï,Education,9813245108.0,6700000.0,Mexico
443,18800000,TED-Ed,Education,3654621568.0,1400000.0,United States of America
444,18800000,Sidemen,Entertainment,5257834105.0,3800000.0,United Kingdom
447,18800000,Farruko,Music,9573641299.0,4700000.0,United States of America
448,18800000,ýýýýýýýýýýýýýýýýýýýýýý,Entertainment,9594188708.0,3300000.0,Ukraine
449,18800000,Triggered Insaan,Comedy,3276891538.0,5200000.0,India
450,18700000,cKn,Entertainment,12295637162.0,5.0,Spain
452,18600000,Shemaroo Comedy,Entertainment,6047584292.0,4900000.0,India
454,18600000,GRAMMY GOLD OFFICIAL,Music,20196704276.0,8100000.0,Thailand
455,18600000,ýýýýýýýý ýýýýýýýýýý ýýýýýýýýýý | Arab Games ýýý,Gaming,8761255550.0,2100000.0,Saudi Arabia
457,18500000,Marmok,Gaming,3457618361.0,1800000.0,Russia
459,18500000,Like Nastya Vlog,People & Blogs,8147575884.0,2300000.0,Russia
460,18500000,Willie Salim,People & Blogs,4051072188.0,9500000.0,Indonesia
461,18400000,PDK Films,Entertainment,4120324310.0,692600.0,United States of America
462,18400000,TheWillyrex,Comedy,7038827526.0,528200.0,Spain
463,18400000,RsiamMusic : ïïïïïïïï,Music,11544297793.0,2600000.0,Thailand
465,18400000,shakiraVEVO,Music,25367126292.0,12800000.0,United States of America
466,18300000,Naisa Alifia Yuriza (N.A.Y),People & Blogs,1606834186.0,819000.0,Indonesia
467,18300000,Miley Cyrus,Entertainment,7760819588.0,6100000.0,United States of America
468,18300000,IShowSpeed,Gaming,1556003039.0,6700000.0,United States of America
471,18200000,INCRïï,People & Blogs,3213324455.0,866200.0,Brazil
472,18100000,Jake Fellman,Entertainment,13378360425.0,23900000.0,United States of America
473,18100000,GEN HALILINTAR,Entertainment,3306242674.0,1300000.0,Indonesia
474,18100000,SQUEEZIE,Gaming,9983065083.0,2300000.0,France
475,18100000,Blippi - Educational Videos for Kids,Education,14857290259.0,8700000.0,United States of America
476,18100000,officialpsy,Music,10703830496.0,3100000.0,South Korea
478,18000000,Manual do Mundo,Howto & Style,3980991248.0,2600000.0,Brazil
479,18000000,How Ridiculous,Sports,9601137077.0,18800000.0,Australia
480,18000000,ANDtv,Entertainment,15412333005.0,0.19,United States of America
481,18000000,Sebastiïïï,News & Politics,10463166404.0,5300000.0,United States of America
482,18000000,SonyMusicSouthVEVO,Music,17921124985.0,12400000.0,United States of America
483,18000000,TheGrefg,Gaming,6404852037.0,2100000.0,Spain
485,17900000,David Dobrik,People & Blogs,7176572299.0,415200.0,United States of America
486,17900000,KatieAngel,People & Blogs,3841205465.0,2500000.0,United States of America
487,17900000,RobleisIUTU,Entertainment,5168721499.0,1300000.0,Argentina
488,17900000,Lele Pons,Comedy,5244917119.0,890300.0,United States of America
489,17900000,Demi Lovato,Music,6888074944.0,1400000.0,United States of America
490,17900000,Like Nastya VNM,Entertainment,9867515979.0,4100000.0,Vietnam
491,17900000,Jason Derulo,Music,9887116267.0,21500000.0,United States of America
492,17900000,MGC Playhouse,Shows,16174530046.0,4900000.0,United States of America
494,17800000,Priyal Kukreja,People & Blogs,11057945183.0,20700000.0,India
495,17800000,MSA Previously My Story Animated,Film & Animation,8588704539.0,994.0,United States of America
498,17700000,ArianaGrandeVevo,Music,20115544708.0,4700000.0,United States of America
499,17700000,jaanvi patel,People & Blogs,7912733203.0,16600000.0,India
500,17700000,tanboy kun,People & Blogs,3647267655.0,2300000.0,Indonesia
502,17700000,Porta dos Fundos,Entertainment,7739048000.0,1700000.0,Brazil
503,17700000,24 ïïïï,News & Politics,8396875537.0,17800000.0,Ukraine
504,17700000,Les' Copaque Production,Film & Animation,9059696049.0,5700000.0,Malaysia
505,17700000,El Payaso Plim Plim,Film & Animation,17247584185.0,30700000.0,Argentina
506,17600000,zbing z.,Gaming,9269174070.0,2600000.0,Thailand
507,17600000,MissaSinfonia,Comedy,2274007523.0,1300000.0,Mexico
508,17600000,ýýýýýýýýý Liziqi,Howto & Style,2977741577.0,1100000.0,China
510,17600000,DeGoBooM,Gaming,6306204566.0,4800000.0,Chile
511,17600000,JFlaMusic,Music,3802280098.0,532700.0,South Korea
512,17500000,FactTechz,Entertainment,2238134438.0,1000000.0,India
513,17500000,News18 India,News & Politics,7263619576.0,18900000.0,India
514,17500000,Fun For Kids TV - Hindi Rhymes,Entertainment,7612385622.0,5300000.0,India
515,17500000,IGN,Gaming,16107116549.0,4700000.0,United States of America
516,17400000,Aphmau,Gaming,17763586483.0,21100000.0,United States of America
517,17400000,AMARINTV : ïïïïïïïïïïïï,Entertainment,13043561912.0,11300000.0,Thailand
518,17400000,ýýýýýýýýýýýýýýýý - Al-Remas,Music,11144195464.0,5400000.0,Iraq
520,17300000,Apple,Science & Technology,1026425106.0,2200000.0,United States of America
521,17300000,Stubborn Facts,Film & Animation,902225615.0,40200.0,India
522,17300000,Taarak Mehta Ka Ooltah Chashmah,Entertainment,11371738047.0,15900000.0,India
523,17300000,HowToBasic,Howto & Style,3684816159.0,745200.0,Australia
525,17200000,Marques Brownlee,Science & Technology,3606912471.0,2500000.0,United States of America
526,17200000,Anitta,Music,7337212581.0,3500000.0,Brazil
527,17200000,Jason Oo,Education,8903647480.0,1.0,Australia
528,17200000,El Reino a Jugar,Education,11445492404.0,4000000.0,Argentina
529,17200000,Willyrex,Gaming,5024088947.0,739500.0,Spain
530,17100000,TheBrianMaps,Comedy,4448334716.0,1800000.0,Russia
531,17100000,TRANS TV Official,Entertainment,9710962528.0,2200000.0,Indonesia
532,17100000,Liza Koshy,Comedy,2173106162.0,84500.0,United States of America
533,17000000,Queen Official,Music,10847948832.0,4500000.0,United Kingdom
534,17000000,Prajapati News,Comedy,1001465469.0,366100.0,India
536,17000000,LuisFonsiVEVO,Music,14543594822.0,2400000.0,United States of America
537,16900000,Pop Chartbusters,Music,8684010451.0,3500000.0,India
538,16900000,Guava Juice,Gaming,9111000228.0,522600.0,United States of America
539,16900000,EeOneGuy,Entertainment,3827906874.0,78500.0,United States of America
540,16900000,VICE,Entertainment,4609753237.0,1700000.0,United States of America
541,16900000,Aayu and Pihu Show,Comedy,9270331567.0,4300000.0,India
542,16900000,Danny Fitt,People & Blogs,9544277833.0,13200000.0,United States of America
543,16900000,Bispo Bruno Leonardo,Nonprofits & Activism,3523578665.0,7200000.0,Brazil
547,16800000,Like Nastya IDN,Entertainment,7195314800.0,2100000.0,Indonesia
548,16800000,Gato Galactico | GALïï,Film & Animation,3693798804.0,2100000.0,Brazil
550,16700000,CoryxKenshin,Gaming,7102965621.0,5000000.0,United States of America
551,16700000,With Kids[ïïïïï,Entertainment,8826138204.0,2200000.0,United States of America
552,16700000,Travis Scott,Music,7979736581.0,1800.0,United States of America
553,16700000,Tu COSMOPOLIS,People & Blogs,5089284369.0,774700.0,Mexico
556,16600000,Ideas En 5 Minutos,Howto & Style,3696973456.0,3100.0,Spain
557,16600000,NMF News,News & Politics,7435180827.0,2800000.0,India
558,16600000,SriBalajiMovies,Entertainment,9439857193.0,7400000.0,India
559,16600000,Lahari Music - TSeries,Music,11946217860.0,4300000.0,India
560,16600000,Younes Zarou,Entertainment,15278668857.0,29600000.0,Germany
561,16600000,Jordan Matter,Entertainment,5819508534.0,9600000.0,United States of America
562,16500000,ýýýýýýýý ýýýýýýýýýýýýýýýýýýýýýý,Entertainment,2440934034.0,1100000.0,United States of America
563,16500000,FailArmy,Comedy,3037260680.0,5400000.0,United States of America
564,16500000,BBC News Hindi,News & Politics,7043235131.0,6300000.0,India
565,16500000,FunFun Toy Doll TV,Entertainment,7406207930.0,1200000.0,United States of America
566,16400000,Sandra Cires Art,Howto & Style,3955426159.0,865300.0,United States of America
567,16400000,Kaykai Salaider,Comedy,4434679706.0,448400.0,Thailand
568,16400000,UFC - Ultimate Fighting Championship,Sports,7135820721.0,6400000.0,United States of America
569,16400000,Ch7HD,Entertainment,9463244435.0,4200000.0,Thailand
572,16400000,GMMTV OFFICIALïï,Entertainment,12844432341.0,8700000.0,Thailand
573,16300000,MattStonie,Entertainment,3527627264.0,1400.0,United States of America
574,16300000,Boyce Avenue,Music,6578828147.0,1400000.0,United States of America
575,16300000,Camila Cabello,Music,6613422635.0,2000000.0,United States of America
576,16300000,Little Mix,Music,7520242626.0,1900000.0,United Kingdom
577,16300000,SAM SMITH,Music,10170264839.0,4100000.0,United Kingdom
578,16300000,Pitbull,Music,12475714382.0,4200000.0,United States of America
579,16300000,Bollywood Classics,Entertainment,7141825267.0,7300000.0,India
580,16300000,Technoblade,Gaming,1656452554.0,861300.0,United States of America
581,16300000,W2S,Gaming,4768370464.0,147800.0,United Kingdom
582,16200000,Jennifer Lopez,Music,10227242833.0,3000000.0,United States of America
583,16200000,Kids Play,Entertainment,8091706232.0,1200000.0,United States of America
584,16200000,T3ddy,Comedy,2990185467.0,1600000.0,Brazil
585,16200000,JJ Olatunji,Gaming,4076692623.0,1300000.0,United Kingdom
586,16200000,POPS Kids,Music,9763592867.0,12300000.0,Vietnam
587,16200000,Thairath Online,News & Politics,14563841315.0,10800000.0,Thailand
588,16200000,LEGO,Entertainment,20522339099.0,5600000.0,Singapore
589,16200000,XO TEAM Family,People & Blogs,14784781923.0,1800.0,United States of America
590,16200000,Aday Cïïïïï,Entertainment,4488680903.0,0.19,Spain
592,16100000,Dyland PROS,Entertainment,1517638132.0,461700.0,Indonesia
595,16100000,Canal IN,People & Blogs,2687443643.0,662500.0,Brazil
597,16100000,Daily Dose Of Internet,Entertainment,6872702790.0,19200000.0,United States of America
598,16100000,Fitdance Academy,Music,7126210721.0,37.0,France
600,16100000,Disney Junior,Entertainment,15812009296.0,12800000.0,United States of America
603,16000000,wifistudy by Unacademy,Education,3018032423.0,685800.0,India
604,16000000,Antrax,Gaming,3029872908.0,225500.0,Mexico
606,16000000,Totoy kids - Espaïï,Film & Animation,5997599089.0,5400000.0,Mexico
608,15900000,DopeLyrics,Music,9962188084.0,475900.0,United States of America
609,15900000,jeffreestar,Howto & Style,2609358468.0,96300.0,United States of America
610,15900000,Lyna,Gaming,6534326412.0,3100000.0,Argentina
611,15900000,MK MUSIC,Music,9198986881.0,6500000.0,Brazil
612,15900000,Unspeakable,Gaming,9052367553.0,7900000.0,United States of America
613,15900000,Camilo,Music,6802382479.0,2900000.0,Colombia
614,15800000,Dear Sir,Education,1349288771.0,1200000.0,India
615,15800000,Narendra Modi,News & Politics,3392918989.0,8900000.0,India
616,15800000,Arif muhammad,People & Blogs,4122634467.0,3400000.0,Indonesia
617,15800000,Rotten Tomatoes Trailers,Film & Animation,13116313599.0,1200000.0,United States of America
618,15700000,Volga Video,Film & Animation,9787697838.0,2500000.0,India
619,15700000,DM - Desi Melodies,Music,5914071870.0,6800000.0,India
621,15700000,Team Films Bhojpuri,Music,6626563508.0,1500000.0,India
622,15700000,Zee Music Classic,Music,5558051295.0,4100000.0,India
623,15700000,Prime Video India,Entertainment,8696631898.0,16100000.0,United States of America
626,15600000,Linus Tech Tips,Science & Technology,7172386509.0,4200000.0,Canada
627,15600000,Juliana Baltar,Entertainment,3869457097.0,2700000.0,Brazil
628,15600000,5-Minute Crafts FAMILY,People & Blogs,6165757696.0,1300000.0,United States of America
629,15500000,Blippi Espaïï,People & Blogs,8984089026.0,4300000.0,Mexico
631,15500000,Katakit Baby TV,Music,6386271870.0,4400000.0,Saudi Arabia
632,15500000,Infobells Bangla,Education,7776706184.0,8100000.0,India
633,15500000,ýýýýýýýý ýý ýýýýýýýý,Shows,8265129639.0,6500000.0,Saudi Arabia
634,15500000,Henrique e Juliano,Music,14619523361.0,7900000.0,Brazil
636,15500000,Kashvi Adlakha,Entertainment,12714141740.0,6700000.0,India
637,15500000,Talking Tom & Friends,Entertainment,6396049701.0,1300000.0,United States of America
638,15500000,ýýýýýýýý ýýýýýýýýýýýýýý ýýýý 5 ýýýýýýýýýý,Howto & Style,4499826716.0,1600000.0,Egypt
639,15400000,Harsh Beniwal,Comedy,1781226000.0,1300000.0,India
640,15400000,FFUNTV,Gaming,11513738907.0,3800000.0,United Arab Emirates
641,15400000,Mobile Legends: Bang Bang,Gaming,1543608082.0,2700000.0,United States of America
642,15400000,Roman Atwood Vlogs,People & Blogs,5469103954.0,76000.0,United States of America
643,15400000,Mrwhosetheboss,Science & Technology,3736069980.0,8000000.0,United Kingdom
644,15400000,Genierock,Music,14564170905.0,4000000.0,Thailand
645,15400000,zayn,Music,4909687948.0,1800000.0,United States of America
646,15400000,Kerajinan 5-Menit,People & Blogs,4750420071.0,947500.0,Indonesia
647,15300000,FC Barcelona,Sports,2656528205.0,4100000.0,Spain
648,15300000,Dave and Ava - Nursery Rhymes and Baby Songs,Education,10714145606.0,3700000.0,United States of America
649,15300000,LOKESH GAMER,Gaming,1640078055.0,284200.0,India
650,15300000,ILYA BORZOV,People & Blogs,9938811455.0,22800000.0,Russia
651,15300000,Mazhavil Manorama,Entertainment,16545966132.0,17400000.0,India
652,15200000,Pokïïïïïïïïï,People & Blogs,857725714.0,3100000.0,India
653,15200000,The MriDul,Comedy,4503880875.0,4700000.0,India
654,15200000,Niana Guerrero,Entertainment,1491452935.0,479000.0,Philippines
655,15200000,SRK MUSIC,Music,6391679636.0,2800000.0,India
656,15200000,Sony LIV,Entertainment,7151683497.0,10100000.0,India
657,15200000,T-Series Hamaar Bhojpuri,Entertainment,7564652648.0,5100000.0,India
658,15200000,Oyuncak Avï,Entertainment,8333387785.0,212500.0,Turkey
659,15200000,CNN,News & Politics,14198154095.0,9000000.0,United States of America
660,15200000,NDTV India,News & Politics,6624168155.0,2400000.0,India
661,15100000,It's Mamix,People & Blogs,1777072487.0,767200.0,United States of America
663,15100000,Daftar Populer,Education,2143140898.0,827100.0,Indonesia
664,15100000,Jordi Sala,Howto & Style,2400037562.0,4.0,Andorra
665,15100000,Ranz Kyle,People & Blogs,1760131384.0,594000.0,Philippines
666,15100000,PowerfulJRE,People & Blogs,3060202847.0,2100000.0,United States of America
667,15100000,Mariale,Howto & Style,2761547758.0,573900.0,United States of America
668,15100000,Makiman131,Gaming,4236036141.0,286600.0,Spain
670,15100000,Mohamed Ramadan I ïïïïïïï,People & Blogs,5324913850.0,2200000.0,Egypt
671,15100000,EdisonPts,Gaming,6668507856.0,4600000.0,Russia
672,15100000,BIGBANG,Music,7857371770.0,2000000.0,South Korea
673,15100000,Rubïïïïïï,Comedy,9477021288.0,24600000.0,Argentina
674,15100000,ABS-CBN News,News & Politics,10489367372.0,8700000.0,Philippines
675,15100000,Chapitosiki,Entertainment,13897932103.0,34200000.0,Russia
676,15100000,AdeleVEVO,Music,12413869881.0,4100000.0,United Kingdom
677,15000000,MoreAliA,Gaming,4352427049.0,12000000.0,United Kingdom
678,15000000,Chetan Monga Vlogs,People & Blogs,9924103188.0,5500000.0,India
679,15000000,Little Angel - Mïïïïïïïïïïï,Entertainment,8897705695.0,7000000.0,Brazil
680,15000000,League of Legends,Gaming,7159750970.0,2100000.0,United States of America
682,15000000,XpressTV,Entertainment,4008801873.0,1600000.0,Mexico
683,15000000,PlayStation,Gaming,4741434420.0,2000000.0,United States of America
684,15000000,Kwebbelkop,Gaming,6889304306.0,1400000.0,United States of America
685,15000000,Gyani Beast,News & Politics,7536093065.0,48.0,India
686,15000000,THE BROWN SIBLINGS,Entertainment,8658553456.0,4900000.0,India
687,15000000,Sony Music South,Music,9978734160.0,11600000.0,India
689,15000000,Ray William Johnson,Entertainment,10239836582.0,15000000.0,United States of America
690,15000000,KOMPASTV,News & Politics,11827310821.0,5400000.0,Indonesia
691,15000000,ISSEI / ïïïï,Comedy,13562853889.0,13600000.0,Japan
692,15000000,Zïïïïïïï,Music,11506702632.0,8800000.0,Brazil
693,15000000,A2 Motivation by Arvind Arora,Entertainment,8932038210.0,6300000.0,India
694,14900000,50 Cent,Music,10069000444.0,5800000.0,United States of America
695,14900000,MNCTV OFFICIAL,Entertainment,8074260978.0,2100000.0,Indonesia
696,14900000,ERB,Entertainment,4033400167.0,530100.0,United States of America
697,14900000,melanie martinez,Music,4395184343.0,2700000.0,United States of America
698,14900000,iTownGamePlay *Terror&Diversiïï,Entertainment,4977284539.0,665200.0,Spain
699,14900000,ýýýýýýýýýýýý8 : Thai Ch8,Entertainment,5549770244.0,2400000.0,Thailand
701,14900000,ýýýýýý,People & Blogs,439098.0,369.0,Russia
702,14900000,TazerCraft,Gaming,5956193599.0,1900000.0,Brazil
703,14900000,ýýýýýýýýýýýýýýýýýýBAYASHITV,Entertainment,8615618825.0,119.0,Japan
704,14800000,Fueled By Ramen,Music,13356517783.0,2900000.0,United States of America
705,14800000,CrashCourse,Education,1833519700.0,344500.0,United States of America
706,14800000,MattyBRaps,Music,3587576784.0,1100000.0,United States of America
707,14800000,Lachlan,Gaming,5269059435.0,1000000.0,Australia
708,14800000,ýýýýýýýý ýýýýýýýý,Howto & Style,7018015062.0,2300000.0,Ukraine
709,14800000,Meghan Trainor,People & Blogs,8649303688.0,2500000.0,United States of America
710,14800000,Jorge & Mateus Oficial,Music,9076642765.0,4200000.0,Brazil
712,14800000,Beast Philanthropy,People & Blogs,272678287.0,1800.0,Germany
714,14800000,5-Minute Crafts Recycle,People & Blogs,8866012877.0,2600000.0,United States of America
715,14700000,ýýýýýýýýýý ýýýýýýýýýýýý,Entertainment,2230986039.0,129300.0,Saudi Arabia
716,14700000,Maha Fun Tv,Entertainment,1321380490.0,229500.0,United States of America
717,14700000,Canal Nostalgia TV,Entertainment,1506796393.0,10900.0,Spain
718,14700000,The Slow Mo Guys,Entertainment,2465473772.0,911000.0,United States of America
719,14700000,StudyIQ IAS,Education,4029253667.0,3600000.0,India
720,14700000,Chad Wild Clay,Comedy,6751985988.0,1700000.0,United States of America
722,14700000,Netflix Jr.,Education,8882319696.0,3800000.0,United States of America
723,14700000,Colors Rishtey,Entertainment,12362331529.0,16700000.0,India
724,14700000,ABC News,News & Politics,12961669452.0,8900000.0,United States of America
725,14700000,Camila Loures,Music,4684983333.0,2000000.0,Brazil
726,14600000,Doc Tops,Entertainment,2613197447.0,787600.0,Ecuador
727,14600000,Auron,People & Blogs,3337074920.0,2900000.0,Spain
728,14600000,Jesser,Gaming,3603556207.0,4400000.0,United States of America
729,14600000,Planeta das Gïï,People & Blogs,4622581344.0,506300.0,Brazil
730,14600000,Preston,Gaming,5766647017.0,7300000.0,United States of America
731,14600000,Martin Garrix,Music,6017932195.0,1700000.0,United States of America
732,14600000,O Reino Infantil,Music,11182302317.0,5300000.0,Brazil
733,14600000,Fifth Harmony,Music,7952268926.0,1800000.0,United States of America
734,14600000,Mis Pastelitos,Howto & Style,2750902766.0,2400000.0,Mexico
735,14600000,Noman Official,Comedy,5525773746.0,6700000.0,India
737,14500000,Like Nastya Stories,Entertainment,6944967581.0,1400000.0,United States of America
738,14500000,les boys tv2,Entertainment,4577292740.0,21600.0,United States of America
740,14500000,IDEIAS INCRïï,Howto & Style,3551889957.0,136200.0,Brazil
741,14500000,Reaction Time,Entertainment,4260187928.0,475700.0,United States of America
742,14500000,BBC News,News & Politics,4598387043.0,3200000.0,United Kingdom
744,14500000,Boram Tube ToysReview [ïïïïïïïïï,People & Blogs,5014888374.0,238100.0,South Korea
745,14500000,Aadishakti Films,Music,6290721701.0,2300000.0,India
746,14500000,Telemundo,Entertainment,8582696157.0,2300000.0,United States of America
747,14500000,GMM25Thailand,Entertainment,9383692066.0,2200000.0,Thailand
748,14500000,TV9 Bharatvarsh,People & Blogs,10303519926.0,20100000.0,India
749,14500000,Maroon5VEVO,Music,20042571499.0,4700000.0,United States of America
750,14500000,Saad Lamjarred | ïïïïïï,Music,4315486422.0,1800000.0,Morocco
752,14500000,Lilly Singh,Comedy,3517662420.0,255800.0,Canada
753,14400000,ýýýýýýýýýýýýýýýýýýýýý,Entertainment,600154268.0,65700.0,South Korea
754,14400000,Gyan Gamingï,Gaming,2224121890.0,666800.0,India
755,14400000,Drawblogs,Entertainment,1629801448.0,48100.0,Peru
757,14400000,ýýýýýýýýýýýý ýýýýýýýýýýýý I ýýýýýý ýý ýýýýýýýýý,Entertainment,2972474215.0,224300.0,Saudi Arabia
758,14400000,Cyprien,Comedy,3086254545.0,548000.0,France
759,14400000,Rclbeauty101,Comedy,3900312631.0,414500.0,United States of America
760,14400000,Rohail Hyatt,Music,4035738731.0,170700.0,United States of America
761,14400000,Indore Physical Academy,People & Blogs,4156427797.0,3400000.0,India
762,14400000,Rosanna Pansino,Howto & Style,4597228794.0,1300000.0,United States of America
765,14400000,RS 1313 SHORTS,Entertainment,8011977288.0,10200000.0,India
767,14400000,SelenaGomezVEVO,Music,11423792969.0,4300000.0,United States of America
768,14400000,ZEE5,Entertainment,18515587421.0,7200000.0,India
769,14300000,Super Polina,People & Blogs,4776507159.0,19900.0,United States of America
771,14200000,Wish 107.5,Music,6048517979.0,3000000.0,Philippines
772,14200000,Invento na Hora,Film & Animation,4040297006.0,913400.0,Brazil
773,14200000,SiS,Entertainment,6973932553.0,5.0,Ukraine
774,14200000,NikkieTutorials,Howto & Style,1778318927.0,1700000.0,Netherlands
775,14200000,TommyInnit,Gaming,2084791147.0,2600000.0,United Kingdom
776,14200000,E-MasterSensei,Gaming,3920559552.0,2100000.0,Mexico
777,14200000,infobells - Kannada,Education,6554000320.0,6800000.0,India
780,14200000,SEVENGERS,Comedy,10238593147.0,17700000.0,India
781,14200000,Zee Bangla,Entertainment,11428794827.0,2900000.0,India
782,14200000,DangMattSmith,Entertainment,3317805543.0,619300.0,United States of America
783,14100000,Neha Kakkar,Music,2131548711.0,1200000.0,India
786,14100000,TrapCity,Music,5129529846.0,7.0,Australia
787,14100000,Supercar Blondie,Autos & Vehicles,5405563355.0,17000000.0,United Arab Emirates
788,14100000,Yudist Ardhana,Entertainment,6036496916.0,8500000.0,Indonesia
789,14100000,Lana Del Rey,Music,6884215292.0,6500000.0,United States of America
790,14100000,MalumaVEVO,Music,19013942981.0,4700000.0,United States of America
791,14100000,F2Freestylers - Ultimate Soccer Skills Channï,Sports,3280481927.0,490600.0,United Kingdom
792,14100000,Bie The Ska,Entertainment,4627069704.0,600100.0,Thailand
793,14000000,AM3NlC,Gaming,4959982720.0,490100.0,Brazil
794,14000000,Narins Beauty,Howto & Style,2214167846.0,658000.0,Sweden
795,14000000,TV Ana Emilia,People & Blogs,4674164601.0,1300000.0,Mexico
796,14000000,ýýýýýýýýýýýý,Gaming,7719743112.0,7200000.0,Russia
797,14000000,Luli Pampï,Music,8623705301.0,9700000.0,Spain
798,14000000,Gallina Pintadita,Music,9660950823.0,3400000.0,Mexico
799,14000000,ViralHog,People & Blogs,18917687143.0,65500000.0,United States of America
800,14000000,ETV Jabardasth,People & Blogs,13542939513.0,6400000.0,India
801,14000000,zeetelugu,Entertainment,12597067132.0,0.34,India
802,14000000,Crescendo com Luluca,Entertainment,5094050461.0,3300000.0,Brazil
803,13900000,Jazzghost,Gaming,5673347763.0,5100000.0,Brazil
804,13900000,karameeshchannel,Entertainment,9106781518.0,4200000.0,Jordan
805,13900000,Darkar Company Studios,Film & Animation,2244318380.0,220700.0,United States of America
807,13900000,T-Series Regional,Entertainment,5217553897.0,1600000.0,India
808,13900000,ADEL et SAMI,Entertainment,5465532801.0,1300000.0,United States of America
809,13900000,jamuna tv24,News & Politics,12129583055.0,0.05,Bangladesh
810,13900000,Atlantic Records,Music,12513842343.0,4700000.0,United States of America
812,13900000,Veritasium,Education,2165885634.0,2100000.0,United States of America
814,13800000,Airrack,Entertainment,2224911030.0,4800000.0,United States of America
815,13800000,Hacksmith Industries,Science & Technology,1820559912.0,4000000.0,Canada
817,13800000,ýýýýýýýý/Atro,Gaming,2480957682.0,2600000.0,Netherlands
818,13800000,123 GO! Spanish,People & Blogs,5019136690.0,1300000.0,Mexico
819,13800000,Geo News,News & Politics,5727888539.0,4800000.0,Pakistan
820,13800000,Kids TV India Hindi Nursery Rhymes,Shows,6646953396.0,3800000.0,India
821,13800000,Think Music India,Music,11039343563.0,10400000.0,India
822,13700000,O Que Nïïïïïï,Comedy,1967930734.0,4200000.0,Brazil
823,13700000,Goldmines Premiere,Entertainment,1973638757.0,1800000.0,India
824,13700000,MAIKI021,Entertainment,1950178163.0,357000.0,Brazil
825,13700000,The Vishal bhatt,Comedy,9596430464.0,18200000.0,India
826,13700000,NishaMadhulika,Howto & Style,2939201386.0,1100000.0,India
827,13700000,MyMissAnand,People & Blogs,4963275018.0,1300000.0,India
828,13700000,FAPTV,Comedy,5457203710.0,1700000.0,Vietnam
829,13700000,Wesley Safadï,Music,8134379376.0,3100000.0,Brazil
830,13700000,infobells,Education,5178142148.0,1100000.0,India
832,13600000,Acenix,Gaming,2122062016.0,2300000.0,Spain
834,13600000,DALLMYD,Sports,1948925559.0,1500000.0,United States of America
835,13600000,Lindsey Stirling,Music,3764608356.0,733300.0,United States of America
836,13600000,JOJO TV - Hindi Stories,Education,5141201173.0,516700.0,India
837,13600000,BBC,Pets & Animals,9685060624.0,2100000.0,United Kingdom
838,13600000,Saturday Night Live,Entertainment,14717282742.0,2700000.0,United States of America
839,13500000,BUDI01 GAMING,Gaming,1181292450.0,644900.0,Indonesia
840,13500000,Typical Gamer,Gaming,4301581610.0,1600000.0,Canada
841,13500000,Anaysa,Howto & Style,3445794123.0,1400000.0,India
842,13500000,Julia Gisella,Entertainment,5380132790.0,78.0,United Kingdom
843,13500000,Awakening Music,Music,5545936485.0,1700000.0,United Kingdom
844,13500000,Lady Diana,Entertainment,8265920659.0,3600000.0,Ukraine
845,13500000,Sanjoy Das Official,Entertainment,3912334359.0,8600000.0,India
846,13500000,Woody & Kleiny,Comedy,11717217293.0,23800000.0,United Kingdom
847,13500000,Vijay Kumar Viner Vlogs,Entertainment,7958771872.0,5300000.0,India
848,13500000,Conor Maynard,Music,2750993392.0,517800.0,United States of America
849,13500000,Wengie,Howto & Style,1900272833.0,64100.0,United States of America
851,13400000,Codiscos,Music,11789678655.0,11000000.0,Colombia
852,13400000,The World Adventures ïïïïïï,People & Blogs,2139769210.0,50100.0,India
855,13400000,ATHLEAN-Xï,Howto & Style,2319515787.0,695900.0,United States of America
856,13400000,My Mate Nate,Comedy,3363634923.0,2000000.0,Thailand
857,13400000,H2ODelirious,Gaming,4356686216.0,805700.0,United States of America
858,13400000,GMA Integrated News,News & Politics,9569814790.0,5500000.0,Philippines
859,13400000,Peet Montzingo,People & Blogs,10022557589.0,19100000.0,United States of America
860,13400000,Tom Duggan,People & Blogs,4306212515.0,0.14,United States of America
861,13300000,Trakin Tech,Science & Technology,2262690743.0,2100000.0,India
862,13300000,theRadBrad,Gaming,6050102764.0,753300.0,United States of America
863,13300000,Matt Steffanina,Entertainment,3299216601.0,92600.0,United States of America
865,13300000,Kurt Hugo Schneider,Entertainment,3733856870.0,203200.0,United States of America
866,13300000,Vogue,Entertainment,4177184071.0,2200000.0,United States of America
867,13300000,ýýýýýýýýýýýýýýýýýý,People & Blogs,6482687220.0,4300000.0,Russia
868,13300000,Kids Lineïïïïïïï,People & Blogs,9088562002.0,7800000.0,United States of America
870,13300000,penguinz0,Gaming,7773543609.0,9100000.0,United States of America
871,13300000,Just For Laughs Gags,Comedy,7406628736.0,838500.0,United States of America
872,13300000,Kabita's Kitchen,Howto & Style,2831275503.0,2100000.0,India
873,13300000,BanderitaX,Gaming,4129249415.0,3400000.0,Saudi Arabia
874,13300000,AzzyLand,Gaming,6412313570.0,258600.0,Canada
875,13200000,HUBAïï,Entertainment,9884886099.0,15300000.0,United States of America
876,13200000,BIBO ïïïïïï,Entertainment,1148422000.0,420900.0,Russia
877,13200000,Brawl Stars,Gaming,2036408398.0,977700.0,Finland
879,13200000,Sonotek Bhakti,Entertainment,3789736218.0,1200000.0,India
881,13200000,MC Divertida,Entertainment,5224764969.0,3100000.0,Brazil
882,13200000,The Infographics Show,Education,5263540904.0,2500000.0,United States of America
883,13200000,jbalvinVEVO,Music,20743586601.0,4100000.0,Colombia
884,13200000,ýýýýýýTwinsFromRussia,People & Blogs,9378175604.0,5700000.0,United States of America
885,13200000,Technology Gyan,Science & Technology,1138262456.0,888900.0,India
886,13200000,CookingShooking Hindi,People & Blogs,1758603195.0,551500.0,India
887,13100000,Ryan Trahan,Entertainment,2182651464.0,12.0,United States of America
888,13100000,Alex Gonzaga Official,People & Blogs,1401914513.0,520700.0,Philippines
891,13100000,Lokdhun Punjabi,Music,4712624489.0,1700000.0,India
893,13100000,Painzeiro,People & Blogs,2555801802.0,2100000.0,Brazil
894,13100000,Peppa Pig em Portuguïïïïïïïïï,Film & Animation,4214172991.0,1300000.0,Brazil
895,13100000,ýýýýýýýýýýýýýýý Ms Yeah,People & Blogs,4399833602.0,2900000.0,United States of America
896,13100000,Hungria Hip Hop,Music,4608751851.0,2300000.0,Brazil
897,13100000,RaptorGamer,People & Blogs,2879263916.0,3000000.0,Ecuador
898,13100000,RedeTV,Entertainment,5333569294.0,844200.0,Brazil
899,13100000,twenty one pilots,Music,5264039679.0,2400000.0,United States of America
900,13100000,DjKhaled,Music,6637820731.0,18.0,Samoa
901,13000000,Davie504,Entertainment,2683297849.0,1400000.0,Italy
902,13000000,Everson Zoio,Comedy,1024467771.0,146500.0,Brazil
904,13000000,Lofi Girl,Music,1698279553.0,1500000.0,France
905,13000000,SRK Edie soon,Entertainment,5057163256.0,0.1,India
906,13000000,GH'S,Gaming,8739174649.0,51900000.0,South Korea
907,13000000,JesseAndMike,Entertainment,9999238237.0,2000000.0,United States of America
909,13000000,Susy Mouriz,Entertainment,6270909026.0,17700000.0,Mexico
910,13000000,7 Minutoz,Music,4349562794.0,1400000.0,Brazil
912,12900000,Pastor Antïïïïï,People & Blogs,2112274210.0,1500000.0,Brazil
913,12900000,Matheus Yurley,Entertainment,140022442.0,7100.0,Brazil
914,12900000,gymvirtual,Sports,2509752944.0,575700.0,Spain
915,12900000,BIBOïïïïï,Entertainment,3178222797.0,192100.0,South Korea
916,12900000,Top Viral Talent,Entertainment,3643698504.0,1400000.0,United States of America
917,12900000,Akon,Music,6300933122.0,4400000.0,United States of America
918,12900000,AlArabiya ïïïïï,People & Blogs,7520379951.0,3900000.0,United Arab Emirates
920,12900000,EnriqueIglesiasVEVO,Music,15446707595.0,3600000.0,United States of America
921,12900000,ýýýýýýýý ýýýý ýýýýýýýýýýýýýý,Shows,5585085130.0,3400000.0,Ukraine
922,12900000,The Shiny Peanut,Education,2848466522.0,40200.0,Indonesia
923,12800000,Talking Angela,Entertainment,3632438963.0,1300000.0,United Kingdom
924,12800000,Melon City Show - ïïïïïïïïïï,Comedy,5863456698.0,1700000.0,Iraq
925,12800000,Duo Tiempo De Sol,Music,6662288136.0,2600000.0,Spain
927,12800000,MrSuicideSheep,Entertainment,6970899521.0,869600.0,Canada
928,12800000,Adam W,Comedy,9502983550.0,11000000.0,United States of America
929,12800000,Right to Shiksha,Education,7876740921.0,10300000.0,India
930,12800000,Beyoncïï,Music,14185611472.0,4300000.0,United States of America
933,12700000,Franco Escamilla,Comedy,4266957149.0,3700000.0,Mexico
934,12700000,Adexe & Nau,Music,4579773883.0,484000.0,Spain
937,12700000,Future AMV's,Music,9927699419.0,22700.0,United States of America
938,12700000,YoungBoy Never Broke Again,Entertainment,13174393401.0,8200000.0,United States of America
939,12700000,Blossom,Howto & Style,4733873025.0,2100000.0,United States of America
941,12700000,Piuzinho,Gaming,1081285962.0,173700.0,Brazil
943,12700000,Go Ami Go!,People & Blogs,1714955279.0,15700000.0,Colombia
944,12600000,Morgz,Gaming,3303595310.0,2800000.0,United Kingdom
945,12600000,CaseyNeistat,People & Blogs,3152402405.0,285700.0,United States of America
946,12600000,ýýýýýýýýýSULGI,People & Blogs,3485373675.0,5400000.0,South Korea
947,12600000,NickiMinajAtVEVO,Music,8831179714.0,1700000.0,United States of America
948,12600000,Ellie Goulding,Music,6969178081.0,1800000.0,United Kingdom
949,12500000,colinfurze,Entertainment,1612094871.0,407200.0,United Kingdom
950,12500000,People Vs Food,Entertainment,1136534702.0,736300.0,United States of America
953,12500000,Health Time,Howto & Style,1002219689.0,66900.0,India
954,12500000,Yair17,Gaming,1402042328.0,425700.0,Mexico
955,12500000,Little Baby Bum en Espaïï,Education,6956320454.0,783300.0,Spain
956,12500000,First We Feast,Howto & Style,2983799729.0,5300000.0,United States of America
957,12500000,Mïïïï,Travel & Events,3140883140.0,1500000.0,Mexico
960,12500000,Parafernalha,Entertainment,4625777945.0,343600.0,Brazil
961,12500000,NDTV,Entertainment,4935793409.0,2800000.0,India
962,12500000,elcarteldesantatv,Music,7489455451.0,5600000.0,Mexico
963,12500000,Family Fitness,Entertainment,10384848759.0,11300000.0,India
964,12500000,Zee Tamil,Entertainment,11552190002.0,16800000.0,India
965,12500000,Flowers Comedy,Entertainment,11691081301.0,8600000.0,India
966,12500000,Mundo Bita,Music,16690788752.0,10300000.0,Brazil
967,12500000,Wave Music Bhakti,Music,5146004207.0,531800.0,India
969,12500000,CKM,Comedy,4465772496.0,630800.0,India
970,12500000,Mr_Mughall Gaming,Science & Technology,4340213066.0,419.0,Pakistan
971,12400000,_vector_,Comedy,7597013023.0,43400000.0,United States of America
974,12400000,WatchLOUD,Gaming,2394143260.0,1300.0,United States of America
975,12400000,Gibby :),People & Blogs,2862685032.0,493300.0,Mexico
977,12400000,SAAIHALILINTAR,Entertainment,1113066203.0,38700.0,Indonesia
978,12400000,Timba Vk,Gaming,2840137980.0,1200000.0,Spain
979,12400000,Heidi and Zidane HZHtube,Entertainment,4021409291.0,460600.0,Canada
980,12400000,DaniRep | +6 Vïïïïïïïïïïï,Gaming,6933660906.0,4000000.0,Spain
981,12400000,Zee Kids,Film & Animation,7683670251.0,4600000.0,India
982,12400000,Pari's Lifestyle,People & Blogs,7741764747.0,1800000.0,India
983,12400000,DisneyChannelUK,Music,12607488647.0,1700000.0,United Kingdom
985,12400000,bharatzkitchen HINDI,Howto & Style,2315226648.0,1500000.0,India
988,12400000,Avril Lavigne,Music,6202090191.0,2400000.0,United States of America
989,12400000,Caylus,Education,4779139505.0,8500000.0,United States of America
990,12400000,Migos ATL,Music,6993406259.0,2400000.0,United States of America
991,12300000,Natan por Aï,Sports,9029609749.0,26500000.0,Brazil
992,12300000,Free Fire India Official,People & Blogs,1674409945.0,3100000.0,India
994,12300000,RobTopGames,Gaming,374123483.0,185800.0,Sweden
995,12300000,Make Joke Of,Comedy,2129773714.0,1200000.0,India
